{"stats":{"minecraft:used":{"decocraft:barrel":1,"camera:image_frame":15,"decocraft:closet_7_black":1,"decocraft:chair_borje_lw_gray":2,"decocraft:closet_7_oak":1,"decocraft:stop_sign":75,"decocraft:closet_2_oak":1,"decocraft:restaurant_table_2_red":9,"minecraft:hay_block":8,"decocraft:piano_bench_white":4,"minecraft:grass_block":150,"decocraft:piano_bench_black":1,"minecraft:stripped_oak_wood":45,"decocraft:chair_ingolf_blw":3,"minecraft:campfire":7,"decocraft:safe":1,"decocraft:restaurant_table_1_red":10,"decocraft:mexico":12,"decocraft:closet_5_black":1,"minecraft:stripped_oak_log":41,"minecraft:stone":8,"decocraft:wooden_table_1_blw":1},"minecraft:picked_up":{"camera:image_frame":7,"minecraft:stick":21,"minecraft:bee_nest":1,"minecraft:apple":2,"camera:image":11,"minecraft:oak_sapling":27},"minecraft:custom":{"minecraft:time_since_rest":45909,"minecraft:play_one_minute":45909,"minecraft:crouch_one_cm":1642,"minecraft:sprint_one_cm":29887,"minecraft:walk_one_cm":51801,"minecraft:sneak_time":739,"minecraft:jump":80,"minecraft:leave_game":2,"minecraft:time_since_death":45909,"minecraft:fall_one_cm":209,"minecraft:fly_one_cm":61555}},"DataVersion":2586}