{"stats":{"minecraft:picked_up":{"minecraft:wooden_axe":3,"minecraft:wheat":19,"minecraft:bee_nest":1,"minecraft:crafting_table":2,"minecraft:chicken":8,"gravestone:obituary":6,"camera:image_frame":12,"minecraft:iron_shovel":3,"minecraft:glass_pane":24,"minecraft:oak_sign":1,"minecraft:bucket":3,"minecraft:red_dye":1,"minecraft:lectern":4,"minecraft:sugar_cane":33,"minecraft:furnace":2,"minecraft:egg":15,"minecraft:stick":30,"minecraft:stone":7,"minecraft:composter":8,"minecraft:torch":59,"minecraft:porkchop":7,"minecraft:diorite":16,"minecraft:carrot":48,"minecraft:redstone":267,"decocraft:stop_sign":4,"minecraft:stone_sword":2,"minecraft:arrow":8,"minecraft:rotten_flesh":58,"minecraft:hay_block":15,"minecraft:blue_dye":1,"minecraft:gold_ingot":84,"minecraft:cobblestone":91,"minecraft:leather_chestplate":2,"minecraft:feather":20,"minecraft:purple_dye":1,"minecraft:andesite":2,"minecraft:potato":33,"minecraft:oak_log":48,"minecraft:yellow_bed":3,"securitycraft:keypad_chest":5,"minecraft:gunpowder":1,"minecraft:cobblestone_stairs":10,"minecraft:lapis_lazuli":212,"minecraft:dirt":952,"minecraft:leather_boots":2,"securitycraft:reinforced_stone_button":8,"minecraft:glass":63,"minecraft:apple":2,"minecraft:bow":3,"minecraft:wheat_seeds":144,"minecraft:iron_ingot":100,"minecraft:stone_pickaxe":3,"minecraft:iron_ore":116,"minecraft:stripped_oak_wood":1,"camera:image":27,"minecraft:oak_planks":54,"minecraft:sand":29,"minecraft:blast_furnace":3,"minecraft:gold_ore":28,"minecraft:leather_helmet":2,"securitycraft:reinforced_grass_block":2,"minecraft:diamond":5,"minecraft:stone_axe":2,"minecraft:granite":1,"minecraft:bread":126,"minecraft:oak_sapling":28,"minecraft:coal":195,"minecraft:hopper":5},"minecraft:custom":{"minecraft:mob_kills":36,"minecraft:interact_with_crafting_table":34,"minecraft:damage_dealt_resisted":61,"minecraft:leave_game":9,"minecraft:time_since_death":57375,"minecraft:sprint_one_cm":246451,"minecraft:walk_one_cm":507223,"minecraft:drop":15,"minecraft:talked_to_villager":3,"minecraft:deaths":7,"minecraft:sneak_time":8382,"minecraft:jump":2016,"minecraft:interact_with_blast_furnace":13,"minecraft:walk_on_water_one_cm":13286,"minecraft:interact_with_furnace":22,"minecraft:play_one_minute":263469,"minecraft:sleep_in_bed":10,"minecraft:time_since_rest":16962,"minecraft:waystone_activated":2,"minecraft:damage_taken":2467,"minecraft:damage_dealt":6159,"minecraft:fly_one_cm":617794,"minecraft:open_chest":53,"minecraft:crouch_one_cm":22048,"minecraft:fall_one_cm":49176,"minecraft:inspect_dispenser":3},"minecraft:killed_by":{"minecraft:creeper":2,"minecraft:skeleton":2,"minecraft:zombie":2},"minecraft:dropped":{"minecraft:granite":1,"minecraft:purple_dye":1,"minecraft:blue_dye":1,"gravestone:obituary":2,"minecraft:wooden_sword":1,"minecraft:red_dye":1,"minecraft:sugar_cane":6,"minecraft:chicken":1,"minecraft:rotten_flesh":6,"minecraft:gunpowder":1,"minecraft:oak_sapling":1,"minecraft:stone_pickaxe":1,"minecraft:wooden_pickaxe":1},"minecraft:broken":{"minecraft:wooden_shovel":1,"minecraft:iron_pickaxe":1},"minecraft:used":{"minecraft:oak_trapdoor":4,"camera:image_frame":34,"decocraft:closet_7_black":1,"minecraft:netherite_sword":20,"minecraft:stone_sword":30,"minecraft:iron_shovel":379,"decocraft:stop_sign":164,"minecraft:dispenser":3,"securitycraft:keypad_chest":5,"minecraft:redstone":1,"minecraft:ladder":5,"minecraft:oak_sign":4,"minecraft:chest":12,"minecraft:stone":9,"minecraft:iron_sword":56,"minecraft:zombie_spawn_egg":8,"minecraft:wooden_shovel":63,"securitycraft:track_mine":4,"minecraft:cooked_chicken":3,"decocraft:nail_makeup":1,"minecraft:torch":76,"decocraft:tire_swing":2,"minecraft:dirt":232,"securitycraft:keypad_item":1,"minecraft:hopper":12,"decocraft:bucket_water":2,"decocraft:restaurant_table_1_red":10,"decocraft:easel_canvas":2,"minecraft:glass":8,"minecraft:wooden_axe":18,"minecraft:lava_bucket":3,"decocraft:book_stack_3":5,"decocraft:notebook_purple":2,"decocraft:piano_bench_white":4,"minecraft:grass_block":350,"minecraft:iron_axe":47,"minecraft:oak_stairs":1,"decocraft:mexico":16,"decocraft:gym_bench":1,"carryon:tile_item":4,"decocraft:closet_7_oak":1,"decocraft:closet_2_oak":1,"minecraft:hay_block":31,"minecraft:furnace":4,"securitycraft:laser_block":1,"minecraft:minecart":4,"decocraft:crayon_box":1,"minecraft:observer":2,"decocraft:wooden_table_1_blw":1,"decocraft:chair_borje_lw_gray":2,"minecraft:water_bucket":16,"minecraft:diorite":14,"decocraft:treadmill":5,"minecraft:cow_spawn_egg":29,"minecraft:cobblestone_stairs":17,"minecraft:iron_ore":1,"decocraft:piano_bench_black":1,"minecraft:stone_pickaxe":77,"decocraft:chair_ingolf_blw":3,"minecraft:wooden_pickaxe":28,"decocraft:tire_fence_yellow":1,"minecraft:cobblestone_slab":45,"decocraft:easel":2,"minecraft:sand":1,"decocraft:dollhouse":1,"decocraft:restaurant_table_2_red":9,"minecraft:oak_slab":80,"minecraft:crafting_table":5,"decocraft:desk_easel_painted":2,"minecraft:blast_furnace":5,"securitycraft:universal_block_remover":15,"minecraft:campfire":25,"minecraft:black_bed":7,"minecraft:oak_log":2,"waystones:waystone":2,"minecraft:lever":2,"minecraft:diamond_pickaxe":38,"securitycraft:reinforced_grass_block":1,"decocraft:jack_in_the_box":1,"minecraft:stone_button":10,"minecraft:bread":3,"minecraft:iron_pickaxe":290,"decocraft:closet_5_black":1,"decocraft:barrel":1,"minecraft:stone_axe":1,"decocraft:calendar":1,"minecraft:cobblestone":134,"minecraft:stripped_oak_wood":54,"minecraft:porkchop":1,"minecraft:bucket":8,"minecraft:andesite":12,"minecraft:yellow_bed":3,"decocraft:safe":1,"minecraft:stripped_oak_log":76},"minecraft:mined":{"minecraft:diamond_ore":5,"minecraft:cobblestone_stairs":1,"minecraft:granite":1,"gravestone:gravestone":4,"minecraft:grass_block":279,"minecraft:composter":2,"minecraft:hopper":5,"minecraft:hay_block":15,"minecraft:redstone_ore":18,"minecraft:furnace":2,"minecraft:carrots":12,"minecraft:iron_ore":117,"minecraft:andesite":2,"minecraft:potatoes":7,"decocraft:stop_sign":4,"minecraft:stone":139,"minecraft:crafting_table":2,"minecraft:torch":4,"minecraft:blast_furnace":3,"minecraft:lectern":1,"minecraft:tall_grass":9,"minecraft:cobblestone":17,"minecraft:lapis_ore":8,"minecraft:sugar_cane":5,"minecraft:diorite":4,"minecraft:wall_torch":6,"minecraft:wheat":31,"minecraft:stripped_oak_wood":1,"minecraft:yellow_bed":3,"minecraft:grass":76,"minecraft:coal_ore":38,"minecraft:oak_log":34,"minecraft:sand":29,"minecraft:dirt":107,"minecraft:gold_ore":28,"minecraft:oak_leaves":7},"minecraft:killed":{"minecraft:skeleton":3,"minecraft:chicken":5,"minecraft:pig":3,"minecraft:creeper":2,"minecraft:zombie":22},"minecraft:crafted":{"minecraft:oak_planks":108,"minecraft:cobblestone_slab":24,"minecraft:oak_sign":3,"minecraft:leather_leggings":3,"minecraft:leather_boots":3,"minecraft:cooked_chicken":3,"minecraft:furnace":2,"minecraft:stone_button":9,"minecraft:stone":8,"minecraft:cobblestone_stairs":4,"securitycraft:keypad_item":1,"minecraft:heavy_weighted_pressure_plate":1,"minecraft:glass_pane":16,"securitycraft:laser_block":1,"minecraft:glass":28,"minecraft:hopper":4,"minecraft:iron_boots":1,"minecraft:iron_axe":1,"securitycraft:universal_block_remover":1,"minecraft:stone_pickaxe":1,"minecraft:chest":8,"minecraft:redstone_block":1,"minecraft:wheat":120,"minecraft:crafting_table":2,"minecraft:iron_helmet":1,"minecraft:iron_sword":1,"minecraft:leather_helmet":3,"minecraft:bucket":1,"minecraft:stone_axe":1,"minecraft:bread":45,"minecraft:air":0,"minecraft:paper":3,"minecraft:iron_chestplate":1,"minecraft:diamond_pickaxe":1,"camera:camera":1,"minecraft:stick":24,"minecraft:iron_ingot":97,"minecraft:leather_chestplate":3,"minecraft:iron_pickaxe":1,"minecraft:stone_sword":1,"minecraft:iron_shovel":2,"minecraft:gold_ingot":28,"minecraft:torch":12,"minecraft:shears":1,"securitycraft:universal_block_reinforcer_lvl1":1}},"DataVersion":2586}