{"stats":{"minecraft:picked_up":{"minecraft:wheat":16,"minecraft:bee_nest":1,"minecraft:crafting_table":1,"minecraft:chicken":5,"camera:image_frame":9,"minecraft:oak_sign":1,"minecraft:red_dye":1,"minecraft:lectern":1,"minecraft:sugar_cane":15,"minecraft:egg":5,"minecraft:stick":21,"minecraft:composter":2,"minecraft:torch":14,"minecraft:porkchop":3,"minecraft:diorite":4,"minecraft:carrot":16,"minecraft:redstone":75,"decocraft:stop_sign":1,"minecraft:arrow":2,"minecraft:rotten_flesh":25,"minecraft:hay_block":15,"minecraft:blue_dye":1,"minecraft:cobblestone":90,"minecraft:feather":5,"minecraft:purple_dye":1,"minecraft:andesite":2,"minecraft:potato":11,"minecraft:oak_log":33,"minecraft:yellow_bed":2,"minecraft:gunpowder":1,"minecraft:cobblestone_stairs":1,"minecraft:lapis_lazuli":53,"minecraft:dirt":457,"minecraft:apple":2,"minecraft:bow":1,"minecraft:wheat_seeds":46,"minecraft:iron_ore":116,"minecraft:stripped_oak_wood":1,"camera:image":24,"minecraft:sand":29,"minecraft:blast_furnace":1,"minecraft:gold_ore":28,"minecraft:diamond":5,"minecraft:granite":1,"minecraft:oak_sapling":28,"minecraft:coal":38,"minecraft:hopper":5},"minecraft:custom":{"minecraft:mob_kills":34,"minecraft:interact_with_crafting_table":28,"minecraft:damage_dealt_resisted":61,"minecraft:leave_game":9,"minecraft:time_since_death":21375,"minecraft:sprint_one_cm":244082,"minecraft:walk_one_cm":388338,"minecraft:drop":14,"minecraft:talked_to_villager":3,"minecraft:deaths":7,"minecraft:sneak_time":7518,"minecraft:jump":1897,"minecraft:interact_with_blast_furnace":11,"minecraft:walk_on_water_one_cm":13286,"minecraft:interact_with_furnace":19,"minecraft:play_one_minute":227469,"minecraft:sleep_in_bed":8,"minecraft:time_since_rest":8319,"minecraft:waystone_activated":2,"minecraft:damage_taken":2427,"minecraft:damage_dealt":5759,"minecraft:fly_one_cm":612429,"minecraft:open_chest":28,"minecraft:crouch_one_cm":20148,"minecraft:fall_one_cm":47341},"minecraft:killed_by":{"minecraft:creeper":2,"minecraft:skeleton":2,"minecraft:zombie":2},"minecraft:dropped":{"minecraft:granite":1,"minecraft:purple_dye":1,"minecraft:blue_dye":1,"gravestone:obituary":2,"minecraft:wooden_sword":1,"minecraft:red_dye":1,"minecraft:sugar_cane":6,"minecraft:chicken":1,"minecraft:rotten_flesh":6,"minecraft:gunpowder":1,"minecraft:oak_sapling":1,"minecraft:wooden_pickaxe":1},"minecraft:broken":{"minecraft:wooden_shovel":1,"minecraft:iron_pickaxe":1},"minecraft:used":{"camera:image_frame":30,"decocraft:closet_7_black":1,"minecraft:netherite_sword":20,"minecraft:stone_sword":30,"minecraft:iron_shovel":366,"decocraft:stop_sign":161,"minecraft:oak_sign":4,"minecraft:chest":8,"minecraft:stone":8,"minecraft:iron_sword":49,"minecraft:zombie_spawn_egg":8,"minecraft:wooden_shovel":63,"securitycraft:track_mine":4,"minecraft:cooked_chicken":3,"decocraft:nail_makeup":1,"minecraft:torch":75,"decocraft:tire_swing":2,"minecraft:dirt":131,"minecraft:hopper":9,"decocraft:bucket_water":2,"decocraft:restaurant_table_1_red":10,"decocraft:easel_canvas":2,"minecraft:wooden_axe":18,"minecraft:lava_bucket":3,"decocraft:book_stack_3":5,"decocraft:notebook_purple":2,"decocraft:piano_bench_white":4,"minecraft:grass_block":349,"minecraft:iron_axe":45,"decocraft:mexico":16,"decocraft:gym_bench":1,"carryon:tile_item":2,"decocraft:closet_7_oak":1,"decocraft:closet_2_oak":1,"minecraft:hay_block":31,"minecraft:furnace":2,"securitycraft:laser_block":1,"minecraft:minecart":4,"decocraft:crayon_box":1,"decocraft:wooden_table_1_blw":1,"decocraft:chair_borje_lw_gray":2,"minecraft:water_bucket":16,"minecraft:diorite":14,"decocraft:treadmill":5,"minecraft:cobblestone_stairs":2,"minecraft:iron_ore":1,"decocraft:piano_bench_black":1,"minecraft:stone_pickaxe":77,"decocraft:chair_ingolf_blw":3,"minecraft:wooden_pickaxe":28,"decocraft:tire_fence_yellow":1,"minecraft:cobblestone_slab":24,"decocraft:easel":2,"minecraft:sand":1,"decocraft:dollhouse":1,"decocraft:restaurant_table_2_red":9,"minecraft:oak_slab":80,"minecraft:crafting_table":4,"decocraft:desk_easel_painted":2,"minecraft:blast_furnace":3,"minecraft:campfire":25,"minecraft:black_bed":7,"minecraft:oak_log":2,"waystones:waystone":2,"minecraft:diamond_pickaxe":14,"decocraft:jack_in_the_box":1,"minecraft:bread":3,"minecraft:iron_pickaxe":290,"decocraft:closet_5_black":1,"decocraft:barrel":1,"minecraft:stone_axe":1,"decocraft:calendar":1,"minecraft:cobblestone":84,"minecraft:stripped_oak_wood":54,"minecraft:porkchop":1,"minecraft:bucket":8,"minecraft:andesite":12,"minecraft:yellow_bed":2,"decocraft:safe":1,"minecraft:stripped_oak_log":76},"minecraft:mined":{"minecraft:diamond_ore":5,"minecraft:cobblestone_stairs":1,"minecraft:granite":1,"gravestone:gravestone":4,"minecraft:grass_block":277,"minecraft:composter":2,"minecraft:hopper":5,"minecraft:hay_block":15,"minecraft:redstone_ore":18,"minecraft:carrots":12,"minecraft:iron_ore":117,"minecraft:andesite":2,"minecraft:potatoes":7,"decocraft:stop_sign":1,"minecraft:stone":120,"minecraft:crafting_table":1,"minecraft:torch":4,"minecraft:blast_furnace":1,"minecraft:lectern":1,"minecraft:tall_grass":7,"minecraft:cobblestone":17,"minecraft:lapis_ore":8,"minecraft:sugar_cane":5,"minecraft:diorite":4,"minecraft:wall_torch":6,"minecraft:wheat":31,"minecraft:stripped_oak_wood":1,"minecraft:yellow_bed":2,"minecraft:grass":51,"minecraft:coal_ore":38,"minecraft:oak_log":34,"minecraft:sand":29,"minecraft:dirt":90,"minecraft:gold_ore":28,"minecraft:oak_leaves":7},"minecraft:killed":{"minecraft:skeleton":3,"minecraft:chicken":5,"minecraft:pig":3,"minecraft:creeper":2,"minecraft:zombie":20},"minecraft:crafted":{"minecraft:oak_planks":108,"minecraft:cobblestone_slab":24,"minecraft:oak_sign":3,"minecraft:leather_leggings":3,"minecraft:leather_boots":3,"minecraft:cooked_chicken":3,"minecraft:furnace":2,"minecraft:cobblestone_stairs":4,"minecraft:glass_pane":16,"securitycraft:laser_block":1,"minecraft:glass":21,"minecraft:hopper":4,"minecraft:iron_boots":1,"minecraft:iron_axe":1,"minecraft:stone_pickaxe":1,"minecraft:chest":8,"minecraft:redstone_block":1,"minecraft:wheat":120,"minecraft:crafting_table":2,"minecraft:iron_helmet":1,"minecraft:iron_sword":1,"minecraft:leather_helmet":3,"minecraft:bucket":1,"minecraft:stone_axe":1,"minecraft:bread":45,"minecraft:air":0,"minecraft:iron_chestplate":1,"minecraft:diamond_pickaxe":1,"minecraft:stick":20,"minecraft:iron_ingot":97,"minecraft:leather_chestplate":3,"minecraft:iron_pickaxe":1,"minecraft:stone_sword":1,"minecraft:iron_shovel":2,"minecraft:gold_ingot":28,"minecraft:torch":12}},"DataVersion":2586}