{"stats":{"minecraft:custom":{"minecraft:time_since_rest":10724,"minecraft:sprint_one_cm":36008,"minecraft:walk_one_cm":83098,"minecraft:fly_one_cm":125840,"minecraft:crouch_one_cm":2363,"minecraft:play_one_minute":87269,"minecraft:sneak_time":1227,"minecraft:jump":102,"minecraft:walk_on_water_one_cm":2332,"minecraft:leave_game":6,"minecraft:time_since_death":87269,"minecraft:sleep_in_bed":1,"minecraft:fall_one_cm":209},"minecraft:picked_up":{"minecraft:stick":21,"minecraft:bee_nest":1,"camera:image_frame":7,"minecraft:apple":2,"minecraft:oak_sapling":27,"camera:image":11},"minecraft:used":{"minecraft:water_bucket":11,"camera:image_frame":15,"decocraft:closet_7_black":1,"decocraft:chair_borje_lw_gray":2,"decocraft:jack_in_the_box":1,"decocraft:stop_sign":105,"decocraft:piano_bench_white":4,"decocraft:piano_bench_black":1,"minecraft:grass_block":309,"decocraft:chair_ingolf_blw":3,"decocraft:mexico":12,"decocraft:closet_5_black":1,"decocraft:tire_fence_yellow":1,"minecraft:stone":8,"securitycraft:track_mine":4,"decocraft:barrel":1,"decocraft:gym_bench":1,"decocraft:easel":2,"decocraft:calendar":1,"decocraft:tire_swing":2,"decocraft:closet_7_oak":1,"minecraft:hay_block":28,"decocraft:dollhouse":1,"decocraft:restaurant_table_2_red":9,"decocraft:closet_2_oak":1,"minecraft:stripped_oak_wood":45,"decocraft:desk_easel_painted":2,"minecraft:minecart":4,"minecraft:campfire":21,"decocraft:crayon_box":1,"decocraft:safe":1,"decocraft:restaurant_table_1_red":10,"minecraft:stripped_oak_log":41,"minecraft:black_bed":6,"decocraft:easel_canvas":2,"decocraft:wooden_table_1_blw":1}},"DataVersion":2586}