{"stats":{"minecraft:crafted":{"minecraft:leather_leggings":3,"minecraft:leather_boots":3,"minecraft:leather_chestplate":3,"minecraft:leather_helmet":3},"minecraft:custom":{"minecraft:time_since_rest":16278,"minecraft:waystone_activated":2,"minecraft:sprint_one_cm":60794,"minecraft:walk_one_cm":162189,"minecraft:mob_kills":8,"minecraft:drop":3,"minecraft:damage_dealt":1602,"minecraft:interact_with_crafting_table":1,"minecraft:fly_one_cm":290443,"minecraft:open_chest":4,"minecraft:play_one_minute":119116,"minecraft:crouch_one_cm":4676,"minecraft:sneak_time":2291,"minecraft:jump":289,"minecraft:leave_game":7,"minecraft:time_since_death":119116,"minecraft:walk_on_water_one_cm":2332,"minecraft:sleep_in_bed":2,"minecraft:fall_one_cm":209},"minecraft:killed":{"minecraft:zombie":8},"minecraft:picked_up":{"minecraft:purple_dye":1,"minecraft:stick":21,"minecraft:bee_nest":1,"minecraft:dirt":80,"camera:image_frame":9,"minecraft:rotten_flesh":10,"minecraft:apple":2,"minecraft:blue_dye":1,"minecraft:red_dye":1,"minecraft:oak_sapling":27,"camera:image":24},"minecraft:used":{"waystones:waystone":2,"minecraft:water_bucket":11,"camera:image_frame":30,"decocraft:closet_7_black":1,"decocraft:chair_borje_lw_gray":2,"minecraft:netherite_sword":20,"decocraft:treadmill":5,"decocraft:notebook_purple":2,"decocraft:book_stack_3":5,"decocraft:jack_in_the_box":1,"decocraft:stop_sign":160,"decocraft:piano_bench_white":4,"decocraft:piano_bench_black":1,"minecraft:grass_block":342,"decocraft:chair_ingolf_blw":3,"minecraft:chest":4,"decocraft:mexico":16,"decocraft:closet_5_black":1,"minecraft:stone":8,"decocraft:tire_fence_yellow":1,"minecraft:zombie_spawn_egg":8,"securitycraft:track_mine":4,"decocraft:nail_makeup":1,"decocraft:barrel":1,"decocraft:gym_bench":1,"decocraft:easel":2,"decocraft:calendar":1,"decocraft:tire_swing":2,"decocraft:closet_7_oak":1,"minecraft:hay_block":31,"decocraft:dollhouse":1,"decocraft:restaurant_table_2_red":9,"decocraft:closet_2_oak":1,"minecraft:oak_slab":80,"minecraft:crafting_table":1,"minecraft:stripped_oak_wood":54,"decocraft:desk_easel_painted":2,"minecraft:minecart":4,"decocraft:bucket_water":2,"minecraft:campfire":25,"decocraft:crayon_box":1,"decocraft:safe":1,"decocraft:restaurant_table_1_red":10,"minecraft:stripped_oak_log":76,"minecraft:black_bed":7,"decocraft:easel_canvas":2,"decocraft:wooden_table_1_blw":1},"minecraft:dropped":{"minecraft:blue_dye":1,"minecraft:red_dye":1,"minecraft:purple_dye":1}},"DataVersion":2586}