{"stats":{"minecraft:custom":{"minecraft:time_since_rest":64476,"minecraft:sprint_one_cm":33303,"minecraft:walk_one_cm":67901,"minecraft:fly_one_cm":90845,"minecraft:crouch_one_cm":2309,"minecraft:play_one_minute":64476,"minecraft:sneak_time":1096,"minecraft:jump":88,"minecraft:leave_game":4,"minecraft:time_since_death":64476,"minecraft:fall_one_cm":209},"minecraft:used":{"camera:image_frame":15,"decocraft:closet_7_black":1,"decocraft:chair_borje_lw_gray":2,"decocraft:jack_in_the_box":1,"decocraft:stop_sign":75,"decocraft:piano_bench_white":4,"decocraft:piano_bench_black":1,"minecraft:grass_block":161,"decocraft:chair_ingolf_blw":3,"decocraft:mexico":12,"decocraft:closet_5_black":1,"decocraft:tire_fence_yellow":1,"minecraft:stone":8,"decocraft:barrel":1,"decocraft:gym_bench":1,"decocraft:easel":2,"decocraft:calendar":1,"decocraft:tire_swing":2,"decocraft:closet_7_oak":1,"minecraft:hay_block":28,"decocraft:dollhouse":1,"decocraft:restaurant_table_2_red":9,"decocraft:closet_2_oak":1,"minecraft:stripped_oak_wood":45,"decocraft:desk_easel_painted":2,"minecraft:campfire":21,"decocraft:crayon_box":1,"decocraft:safe":1,"decocraft:restaurant_table_1_red":10,"minecraft:stripped_oak_log":41,"decocraft:easel_canvas":2,"decocraft:wooden_table_1_blw":1},"minecraft:picked_up":{"minecraft:stick":21,"minecraft:bee_nest":1,"camera:image_frame":7,"minecraft:apple":2,"minecraft:oak_sapling":27,"camera:image":11}},"DataVersion":2586}