{"stats":{"minecraft:crafted":{"minecraft:oak_planks":64,"minecraft:leather_leggings":3,"minecraft:leather_boots":3,"minecraft:crafting_table":1,"minecraft:iron_helmet":1,"minecraft:cooked_chicken":3,"minecraft:iron_sword":1,"minecraft:furnace":2,"minecraft:leather_helmet":3,"minecraft:bucket":1,"minecraft:stone_axe":1,"minecraft:air":0,"minecraft:iron_chestplate":1,"minecraft:iron_boots":1,"minecraft:iron_axe":1,"minecraft:stick":20,"minecraft:iron_ingot":30,"minecraft:leather_chestplate":3,"minecraft:iron_pickaxe":1,"minecraft:stone_pickaxe":1,"minecraft:iron_shovel":1,"minecraft:stone_sword":1,"minecraft:torch":12},"minecraft:custom":{"minecraft:interact_with_furnace":12,"minecraft:mob_kills":19,"minecraft:interact_with_crafting_table":11,"minecraft:play_one_minute":142548,"minecraft:damage_dealt_resisted":61,"minecraft:leave_game":8,"minecraft:time_since_death":14575,"minecraft:sleep_in_bed":3,"minecraft:time_since_rest":9489,"minecraft:waystone_activated":2,"minecraft:sprint_one_cm":105347,"minecraft:damage_taken":506,"minecraft:walk_one_cm":197901,"minecraft:drop":7,"minecraft:damage_dealt":3037,"minecraft:talked_to_villager":2,"minecraft:fly_one_cm":380934,"minecraft:open_chest":5,"minecraft:crouch_one_cm":13147,"minecraft:deaths":1,"minecraft:sneak_time":4741,"minecraft:jump":770,"minecraft:walk_on_water_one_cm":4116,"minecraft:fall_one_cm":13328},"minecraft:killed":{"minecraft:pig":2,"minecraft:creeper":1,"minecraft:skeleton":1,"minecraft:zombie":11,"minecraft:chicken":4},"minecraft:mined":{"minecraft:crafting_table":1,"minecraft:torch":2,"minecraft:granite":1,"gravestone:gravestone":1,"minecraft:grass_block":194,"minecraft:tall_grass":2,"minecraft:sugar_cane":2,"minecraft:wall_torch":3,"minecraft:iron_ore":30,"minecraft:stripped_oak_wood":1,"minecraft:yellow_bed":1,"minecraft:grass":27,"minecraft:coal_ore":38,"minecraft:oak_log":18,"decocraft:stop_sign":1,"minecraft:dirt":45,"minecraft:stone":35,"minecraft:oak_leaves":3},"minecraft:broken":{"minecraft:wooden_shovel":1},"minecraft:killed_by":{"minecraft:zombie":1},"minecraft:picked_up":{"minecraft:feather":3,"minecraft:crafting_table":1,"minecraft:purple_dye":1,"minecraft:bee_nest":1,"minecraft:chicken":4,"minecraft:oak_log":18,"minecraft:yellow_bed":1,"minecraft:gunpowder":1,"minecraft:dirt":337,"camera:image_frame":9,"minecraft:apple":2,"minecraft:bow":1,"minecraft:wheat_seeds":10,"minecraft:red_dye":1,"minecraft:iron_ore":30,"minecraft:stripped_oak_wood":1,"camera:image":24,"minecraft:sugar_cane":6,"minecraft:egg":5,"minecraft:stick":21,"minecraft:torch":9,"minecraft:porkchop":2,"decocraft:stop_sign":1,"minecraft:arrow":2,"minecraft:rotten_flesh":13,"minecraft:granite":1,"minecraft:blue_dye":1,"minecraft:oak_sapling":28,"minecraft:coal":38,"minecraft:cobblestone":35},"minecraft:used":{"camera:image_frame":30,"decocraft:closet_7_black":1,"minecraft:water_bucket":11,"decocraft:chair_borje_lw_gray":2,"minecraft:netherite_sword":20,"decocraft:treadmill":5,"minecraft:stone_sword":30,"minecraft:iron_shovel":198,"decocraft:stop_sign":161,"decocraft:piano_bench_black":1,"minecraft:stone_pickaxe":77,"decocraft:chair_ingolf_blw":3,"minecraft:chest":4,"minecraft:wooden_pickaxe":28,"minecraft:iron_sword":1,"decocraft:tire_fence_yellow":1,"minecraft:stone":8,"minecraft:zombie_spawn_egg":8,"minecraft:cooked_chicken":3,"minecraft:wooden_shovel":63,"securitycraft:track_mine":4,"decocraft:nail_makeup":1,"minecraft:torch":14,"decocraft:easel":2,"decocraft:tire_swing":2,"minecraft:dirt":19,"decocraft:dollhouse":1,"decocraft:restaurant_table_2_red":9,"minecraft:oak_slab":80,"minecraft:crafting_table":3,"decocraft:desk_easel_painted":2,"minecraft:campfire":25,"decocraft:bucket_water":2,"decocraft:restaurant_table_1_red":10,"minecraft:black_bed":7,"decocraft:easel_canvas":2,"minecraft:oak_log":2,"waystones:waystone":2,"minecraft:wooden_axe":18,"decocraft:jack_in_the_box":1,"decocraft:book_stack_3":5,"decocraft:notebook_purple":2,"decocraft:piano_bench_white":4,"minecraft:iron_axe":4,"minecraft:grass_block":342,"decocraft:mexico":16,"decocraft:closet_5_black":1,"decocraft:barrel":1,"minecraft:stone_axe":1,"decocraft:gym_bench":1,"decocraft:calendar":1,"decocraft:closet_7_oak":1,"minecraft:hay_block":31,"decocraft:closet_2_oak":1,"minecraft:furnace":2,"minecraft:porkchop":1,"minecraft:stripped_oak_wood":54,"minecraft:minecart":4,"decocraft:crayon_box":1,"decocraft:safe":1,"minecraft:stripped_oak_log":76,"decocraft:wooden_table_1_blw":1},"minecraft:dropped":{"minecraft:purple_dye":1,"minecraft:blue_dye":1,"minecraft:oak_sapling":1,"gravestone:obituary":1,"minecraft:wooden_sword":1,"minecraft:red_dye":1,"minecraft:wooden_pickaxe":1}},"DataVersion":2586}