{"stats":{"minecraft:killed_by":{"minecraft:creeper":2,"minecraft:skeleton":2,"minecraft:zombie":3},"minecraft:custom":{"minecraft:mob_kills":58,"minecraft:animals_bred":2,"minecraft:inspect_hopper":2,"minecraft:interact_with_crafting_table":45,"minecraft:damage_dealt_resisted":61,"minecraft:leave_game":10,"minecraft:time_since_death":83505,"minecraft:climb_one_cm":35338,"minecraft:sprint_one_cm":392562,"minecraft:walk_one_cm":655551,"minecraft:drop":68,"minecraft:talked_to_villager":3,"minecraft:deaths":8,"minecraft:sneak_time":12913,"minecraft:walk_under_water_one_cm":1360,"minecraft:jump":3014,"minecraft:interact_with_blast_furnace":13,"minecraft:walk_on_water_one_cm":26015,"minecraft:interact_with_furnace":22,"minecraft:play_one_minute":348061,"minecraft:sleep_in_bed":15,"minecraft:time_since_rest":18410,"minecraft:waystone_activated":2,"minecraft:damage_taken":3541,"minecraft:damage_dealt":9820,"minecraft:swim_one_cm":2664,"minecraft:fly_one_cm":858014,"minecraft:open_chest":70,"minecraft:crouch_one_cm":36552,"minecraft:fall_one_cm":76379,"minecraft:inspect_dispenser":4},"minecraft:crafted":{"minecraft:oak_planks":128,"minecraft:cobblestone_slab":24,"securitycraft:alarm":1,"minecraft:oak_sign":3,"minecraft:leather_leggings":3,"minecraft:leather_boots":3,"minecraft:cooked_chicken":3,"minecraft:furnace":2,"minecraft:stone_button":9,"minecraft:cobblestone_stairs":4,"minecraft:stone":8,"minecraft:bone_meal":9,"minecraft:lever":1,"securitycraft:keypad_item":1,"minecraft:bookshelf":4,"minecraft:heavy_weighted_pressure_plate":1,"minecraft:glass_pane":16,"securitycraft:laser_block":1,"minecraft:glass":28,"minecraft:hopper":4,"minecraft:iron_boots":1,"minecraft:iron_axe":1,"securitycraft:universal_block_remover":1,"minecraft:stone_pickaxe":1,"minecraft:chest":8,"minecraft:oak_button":1,"minecraft:redstone_block":1,"minecraft:wheat":120,"minecraft:crafting_table":2,"minecraft:enchanting_table":1,"minecraft:iron_helmet":1,"minecraft:iron_sword":1,"minecraft:leather_helmet":3,"minecraft:bucket":1,"minecraft:stone_axe":1,"minecraft:bread":45,"minecraft:air":0,"minecraft:book":1,"minecraft:iron_chestplate":1,"minecraft:paper":6,"minecraft:diamond_pickaxe":1,"camera:camera":1,"minecraft:stick":24,"minecraft:iron_ingot":97,"minecraft:leather_chestplate":3,"minecraft:iron_pickaxe":1,"minecraft:stone_sword":1,"minecraft:iron_shovel":2,"minecraft:gold_ingot":28,"minecraft:note_block":1,"minecraft:torch":12,"minecraft:shears":1,"securitycraft:universal_block_reinforcer_lvl1":1},"minecraft:picked_up":{"minecraft:wooden_axe":4,"minecraft:bee_nest":1,"minecraft:crafting_table":2,"minecraft:wheat":24,"minecraft:chicken":9,"camera:camera":1,"gravestone:obituary":23,"minecraft:iron_axe":1,"minecraft:string":1,"camera:image_frame":12,"minecraft:iron_shovel":5,"minecraft:glass_pane":35,"minecraft:oak_sign":1,"minecraft:bucket":7,"minecraft:beef":18,"minecraft:red_dye":1,"minecraft:lectern":5,"minecraft:sugar_cane":74,"minecraft:chest":1,"minecraft:furnace":2,"minecraft:egg":20,"minecraft:stick":40,"minecraft:stone":12,"minecraft:composter":12,"minecraft:torch":85,"minecraft:porkchop":9,"minecraft:diorite":109,"minecraft:carrot":64,"minecraft:redstone":284,"decocraft:stop_sign":5,"securitycraft:alarm":2,"minecraft:stone_sword":7,"minecraft:arrow":23,"minecraft:rotten_flesh":75,"minecraft:hay_block":15,"minecraft:blue_dye":1,"minecraft:gold_ingot":112,"minecraft:obsidian":18,"securitycraft:keypad_door_item":2,"minecraft:cobblestone":519,"minecraft:enchanting_table":1,"minecraft:leather_chestplate":3,"minecraft:purple_dye":1,"minecraft:feather":30,"minecraft:andesite":2,"minecraft:leather":15,"minecraft:potato":46,"minecraft:paper":2,"securitycraft:reinforced_ladder":1,"minecraft:oak_log":48,"minecraft:yellow_bed":5,"securitycraft:keypad_chest":7,"minecraft:gunpowder":1,"minecraft:cobblestone_stairs":15,"securitycraft:reinforced_glass":7,"minecraft:lapis_lazuli":318,"minecraft:dirt":1120,"minecraft:leather_boots":3,"securitycraft:reinforced_stone_button":8,"minecraft:glass":63,"minecraft:bone":3,"minecraft:apple":2,"minecraft:bow":4,"minecraft:wheat_seeds":212,"minecraft:stone_pickaxe":4,"minecraft:iron_ingot":206,"minecraft:iron_ore":148,"minecraft:stripped_oak_wood":1,"camera:image":27,"minecraft:iron_sword":2,"minecraft:oak_planks":54,"minecraft:book":36,"minecraft:oak_slab":2,"minecraft:sand":30,"minecraft:blast_furnace":3,"securitycraft:reinforced_stone":2,"minecraft:spruce_log":6,"minecraft:gold_ore":28,"minecraft:leather_helmet":3,"minecraft:iron_hoe":1,"securitycraft:reinforced_grass_block":8,"minecraft:diamond":10,"minecraft:stone_axe":3,"minecraft:lever":1,"minecraft:granite":3,"minecraft:bread":210,"minecraft:oak_button":6,"minecraft:oak_sapling":28,"minecraft:coal":298,"minecraft:hopper":5},"minecraft:mined":{"minecraft:diamond_ore":10,"minecraft:cobblestone_stairs":3,"minecraft:obsidian":16,"minecraft:lever":1,"gravestone:gravestone":5,"minecraft:granite":3,"minecraft:grass_block":282,"minecraft:spruce_leaves":19,"minecraft:composter":2,"minecraft:hopper":5,"minecraft:hay_block":15,"minecraft:redstone_ore":22,"minecraft:furnace":2,"minecraft:carrots":12,"minecraft:iron_ore":149,"minecraft:andesite":3,"minecraft:enchanting_table":1,"minecraft:bookshelf":12,"minecraft:potatoes":7,"decocraft:stop_sign":5,"minecraft:stone":558,"minecraft:oak_slab":2,"minecraft:crafting_table":2,"minecraft:torch":5,"minecraft:blast_furnace":3,"minecraft:chest":1,"minecraft:lectern":1,"minecraft:tall_grass":14,"minecraft:cobblestone":24,"minecraft:lapis_ore":8,"minecraft:sugar_cane":25,"minecraft:diorite":93,"minecraft:wall_torch":6,"minecraft:wheat":35,"minecraft:spruce_log":6,"minecraft:stripped_oak_wood":1,"minecraft:yellow_bed":5,"minecraft:grass":94,"minecraft:oak_log":34,"minecraft:coal_ore":59,"minecraft:sand":30,"minecraft:dirt":119,"minecraft:oak_button":1,"minecraft:gold_ore":28,"minecraft:oak_leaves":7},"minecraft:used":{"camera:image_frame":34,"minecraft:oak_trapdoor":4,"decocraft:closet_7_black":1,"minecraft:netherite_sword":20,"minecraft:enchanting_table":3,"minecraft:stone_sword":30,"minecraft:iron_shovel":393,"decocraft:stop_sign":165,"minecraft:dispenser":3,"securitycraft:keypad_chest":7,"minecraft:redstone":1,"minecraft:ladder":60,"minecraft:oak_sign":4,"minecraft:chest":13,"securitycraft:scanner_trapdoor":1,"minecraft:stone":36,"minecraft:iron_sword":124,"minecraft:zombie_spawn_egg":8,"securitycraft:keypad_door_item":6,"minecraft:wooden_shovel":63,"securitycraft:track_mine":4,"minecraft:cooked_chicken":3,"decocraft:nail_makeup":1,"minecraft:torch":97,"decocraft:tire_swing":2,"minecraft:dirt":236,"securitycraft:keypad_item":1,"minecraft:hopper":12,"securitycraft:reinforced_stone":45,"decocraft:restaurant_table_1_red":10,"decocraft:bucket_water":2,"decocraft:easel_canvas":2,"minecraft:obsidian":10,"minecraft:iron_hoe":80,"minecraft:glass":15,"securitycraft:reinforced_dirt":29,"minecraft:bookshelf":19,"minecraft:wooden_axe":18,"minecraft:lava_bucket":3,"decocraft:notebook_purple":2,"decocraft:book_stack_3":5,"decocraft:piano_bench_white":4,"minecraft:iron_axe":69,"minecraft:grass_block":350,"minecraft:oak_stairs":1,"decocraft:mexico":16,"decocraft:gym_bench":1,"carryon:tile_item":4,"decocraft:closet_7_oak":1,"decocraft:closet_2_oak":1,"minecraft:hay_block":31,"minecraft:furnace":4,"securitycraft:laser_block":1,"minecraft:minecart":4,"decocraft:crayon_box":1,"minecraft:cooked_beef":14,"securitycraft:alarm":3,"minecraft:observer":2,"decocraft:wooden_table_1_blw":1,"minecraft:wheat_seeds":77,"minecraft:water_bucket":17,"decocraft:chair_borje_lw_gray":2,"minecraft:diorite":14,"decocraft:treadmill":5,"minecraft:iron_ore":1,"minecraft:cow_spawn_egg":29,"minecraft:cobblestone_stairs":19,"securitycraft:door_indestructible_iron_item":2,"decocraft:piano_bench_black":1,"minecraft:stone_pickaxe":77,"decocraft:chair_ingolf_blw":3,"minecraft:ender_pearl":5,"minecraft:wooden_pickaxe":28,"decocraft:tire_fence_yellow":1,"minecraft:sugar_cane":33,"securitycraft:scanner_door_item":3,"minecraft:cobblestone_slab":45,"decocraft:easel":2,"securitycraft:keypad":2,"minecraft:sand":1,"decocraft:dollhouse":1,"minecraft:crafting_table":6,"decocraft:restaurant_table_2_red":9,"minecraft:oak_slab":82,"decocraft:desk_easel_painted":2,"minecraft:blast_furnace":5,"minecraft:campfire":25,"securitycraft:universal_block_remover":37,"securitycraft:reinforced_ladder":38,"minecraft:black_bed":7,"minecraft:oak_log":2,"waystones:waystone":2,"minecraft:lever":4,"minecraft:diamond_pickaxe":639,"securitycraft:reinforced_grass_block":7,"decocraft:jack_in_the_box":1,"minecraft:iron_pickaxe":290,"minecraft:stone_button":10,"minecraft:bread":3,"minecraft:oak_button":1,"decocraft:closet_5_black":1,"decocraft:barrel":1,"minecraft:stone_axe":1,"decocraft:calendar":1,"minecraft:cobblestone":173,"minecraft:porkchop":1,"minecraft:stripped_oak_wood":54,"minecraft:andesite":12,"minecraft:bucket":8,"minecraft:yellow_bed":6,"minecraft:stripped_oak_log":76,"decocraft:safe":1,"minecraft:bone_meal":9},"minecraft:broken":{"minecraft:wooden_shovel":1,"minecraft:iron_pickaxe":1},"minecraft:dropped":{"minecraft:iron_ingot":53,"minecraft:bread":42,"minecraft:iron_sword":2,"minecraft:wheat_seeds":1,"minecraft:lapis_lazuli":53,"minecraft:feather":5,"minecraft:cobblestone":3,"minecraft:leather":2,"minecraft:granite":1,"minecraft:purple_dye":1,"minecraft:stick":10,"minecraft:blue_dye":1,"minecraft:torch":2,"minecraft:iron_axe":1,"gravestone:obituary":19,"minecraft:wooden_sword":1,"minecraft:sand":1,"minecraft:red_dye":1,"minecraft:iron_shovel":1,"minecraft:string":1,"minecraft:bucket":2,"minecraft:sugar_cane":6,"minecraft:stone_sword":5,"minecraft:obsidian":2,"minecraft:composter":2,"minecraft:chicken":1,"minecraft:rotten_flesh":7,"minecraft:oak_button":5,"minecraft:gunpowder":1,"minecraft:oak_sapling":1,"minecraft:spruce_log":6,"minecraft:wooden_pickaxe":1,"minecraft:stone_pickaxe":1,"minecraft:beef":3},"minecraft:killed":{"minecraft:endermite":1,"minecraft:spider":1,"minecraft:skeleton":9,"minecraft:chicken":5,"minecraft:pig":3,"minecraft:zombie_villager":1,"minecraft:creeper":2,"minecraft:pillager":3,"minecraft:zombie":27,"minecraft:cow":3,"minecraft:enderman":1}},"DataVersion":2586}