{"stats":{"minecraft:picked_up":{"minecraft:wheat":15,"minecraft:bee_nest":1,"minecraft:crafting_table":1,"minecraft:chicken":5,"camera:image_frame":9,"minecraft:red_dye":1,"minecraft:lectern":1,"minecraft:sugar_cane":12,"minecraft:egg":5,"minecraft:stick":21,"minecraft:torch":14,"minecraft:porkchop":2,"minecraft:diorite":4,"minecraft:redstone":43,"decocraft:stop_sign":1,"minecraft:arrow":2,"minecraft:rotten_flesh":25,"minecraft:hay_block":15,"minecraft:blue_dye":1,"minecraft:cobblestone":51,"minecraft:feather":5,"minecraft:purple_dye":1,"minecraft:andesite":2,"minecraft:oak_log":18,"minecraft:yellow_bed":2,"minecraft:gunpowder":1,"minecraft:lapis_lazuli":53,"minecraft:dirt":362,"minecraft:apple":2,"minecraft:bow":1,"minecraft:wheat_seeds":10,"minecraft:iron_ore":103,"minecraft:stripped_oak_wood":1,"camera:image":24,"minecraft:granite":1,"minecraft:oak_sapling":28,"minecraft:coal":38},"minecraft:custom":{"minecraft:mob_kills":30,"minecraft:interact_with_crafting_table":14,"minecraft:damage_dealt_resisted":61,"minecraft:leave_game":9,"minecraft:time_since_death":9104,"minecraft:sprint_one_cm":184943,"minecraft:walk_one_cm":279869,"minecraft:drop":14,"minecraft:talked_to_villager":3,"minecraft:deaths":5,"minecraft:sneak_time":5941,"minecraft:jump":1399,"minecraft:walk_on_water_one_cm":4799,"minecraft:interact_with_furnace":13,"minecraft:play_one_minute":179469,"minecraft:sleep_in_bed":5,"minecraft:time_since_rest":9131,"minecraft:waystone_activated":2,"minecraft:damage_taken":2030,"minecraft:damage_dealt":5219,"minecraft:fly_one_cm":515078,"minecraft:open_chest":8,"minecraft:crouch_one_cm":15987,"minecraft:fall_one_cm":35672},"minecraft:killed_by":{"minecraft:creeper":2,"minecraft:skeleton":1,"minecraft:zombie":1},"minecraft:dropped":{"minecraft:granite":1,"minecraft:purple_dye":1,"minecraft:blue_dye":1,"gravestone:obituary":2,"minecraft:wooden_sword":1,"minecraft:red_dye":1,"minecraft:sugar_cane":6,"minecraft:chicken":1,"minecraft:rotten_flesh":6,"minecraft:gunpowder":1,"minecraft:oak_sapling":1,"minecraft:wooden_pickaxe":1},"minecraft:broken":{"minecraft:wooden_shovel":1},"minecraft:used":{"camera:image_frame":30,"decocraft:closet_7_black":1,"minecraft:netherite_sword":20,"minecraft:stone_sword":30,"minecraft:iron_shovel":239,"decocraft:stop_sign":161,"minecraft:chest":6,"minecraft:stone":8,"minecraft:iron_sword":34,"minecraft:zombie_spawn_egg":8,"minecraft:wooden_shovel":63,"securitycraft:track_mine":4,"minecraft:cooked_chicken":3,"decocraft:nail_makeup":1,"minecraft:torch":54,"decocraft:tire_swing":2,"minecraft:dirt":27,"decocraft:bucket_water":2,"decocraft:restaurant_table_1_red":10,"decocraft:easel_canvas":2,"minecraft:wooden_axe":18,"minecraft:lava_bucket":1,"decocraft:book_stack_3":5,"decocraft:notebook_purple":2,"decocraft:piano_bench_white":4,"minecraft:grass_block":349,"minecraft:iron_axe":9,"decocraft:mexico":16,"decocraft:gym_bench":1,"decocraft:closet_7_oak":1,"decocraft:closet_2_oak":1,"minecraft:hay_block":31,"minecraft:furnace":2,"minecraft:minecart":4,"decocraft:crayon_box":1,"decocraft:wooden_table_1_blw":1,"decocraft:chair_borje_lw_gray":2,"minecraft:water_bucket":11,"minecraft:diorite":14,"decocraft:treadmill":5,"minecraft:iron_ore":1,"decocraft:piano_bench_black":1,"minecraft:stone_pickaxe":77,"decocraft:chair_ingolf_blw":3,"minecraft:wooden_pickaxe":28,"decocraft:tire_fence_yellow":1,"decocraft:easel":2,"decocraft:dollhouse":1,"decocraft:restaurant_table_2_red":9,"minecraft:oak_slab":80,"minecraft:crafting_table":3,"decocraft:desk_easel_painted":2,"minecraft:campfire":25,"minecraft:black_bed":7,"minecraft:oak_log":2,"waystones:waystone":2,"decocraft:jack_in_the_box":1,"minecraft:bread":3,"minecraft:iron_pickaxe":116,"decocraft:closet_5_black":1,"decocraft:barrel":1,"minecraft:stone_axe":1,"decocraft:calendar":1,"minecraft:cobblestone":14,"minecraft:stripped_oak_wood":54,"minecraft:porkchop":1,"minecraft:bucket":2,"minecraft:andesite":12,"minecraft:yellow_bed":2,"decocraft:safe":1,"minecraft:stripped_oak_log":76},"minecraft:mined":{"minecraft:granite":1,"gravestone:gravestone":2,"minecraft:grass_block":218,"minecraft:hay_block":15,"minecraft:redstone_ore":10,"minecraft:iron_ore":104,"minecraft:andesite":2,"decocraft:stop_sign":1,"minecraft:stone":48,"minecraft:crafting_table":1,"minecraft:torch":4,"minecraft:lectern":1,"minecraft:tall_grass":6,"minecraft:cobblestone":2,"minecraft:lapis_ore":8,"minecraft:sugar_cane":2,"minecraft:diorite":4,"minecraft:wall_torch":6,"minecraft:stripped_oak_wood":1,"minecraft:yellow_bed":2,"minecraft:grass":33,"minecraft:coal_ore":38,"minecraft:oak_log":18,"minecraft:dirt":46,"minecraft:oak_leaves":3},"minecraft:killed":{"minecraft:skeleton":2,"minecraft:chicken":5,"minecraft:pig":2,"minecraft:creeper":1,"minecraft:zombie":19},"minecraft:crafted":{"minecraft:oak_planks":68,"minecraft:leather_leggings":3,"minecraft:leather_boots":3,"minecraft:cooked_chicken":3,"minecraft:furnace":2,"minecraft:iron_boots":1,"minecraft:iron_axe":1,"minecraft:stone_pickaxe":1,"minecraft:chest":2,"minecraft:wheat":120,"minecraft:crafting_table":1,"minecraft:iron_helmet":1,"minecraft:iron_sword":1,"minecraft:leather_helmet":3,"minecraft:bucket":1,"minecraft:stone_axe":1,"minecraft:bread":45,"minecraft:air":0,"minecraft:iron_chestplate":1,"minecraft:stick":20,"minecraft:iron_ingot":30,"minecraft:leather_chestplate":3,"minecraft:iron_pickaxe":1,"minecraft:stone_sword":1,"minecraft:iron_shovel":1,"minecraft:torch":12}},"DataVersion":2586}