{"stats":{"minecraft:used":{"camera:image_frame":15,"decocraft:chair_borje_lw_gray":2,"decocraft:restaurant_table_2_red":3,"minecraft:hay_block":8,"decocraft:piano_bench_white":4,"minecraft:grass_block":141,"decocraft:piano_bench_black":1,"minecraft:stripped_oak_wood":45,"decocraft:chair_ingolf_blw":3,"minecraft:campfire":7,"decocraft:restaurant_table_1_red":10,"decocraft:mexico":12,"minecraft:stripped_oak_log":41,"minecraft:stone":8,"decocraft:wooden_table_1_blw":1},"minecraft:picked_up":{"camera:image_frame":7,"minecraft:stick":21,"minecraft:bee_nest":1,"minecraft:apple":2,"camera:image":11,"minecraft:oak_sapling":27},"minecraft:custom":{"minecraft:time_since_rest":36517,"minecraft:play_one_minute":36517,"minecraft:crouch_one_cm":1642,"minecraft:sprint_one_cm":23276,"minecraft:walk_one_cm":34811,"minecraft:sneak_time":722,"minecraft:jump":58,"minecraft:leave_game":1,"minecraft:time_since_death":36517,"minecraft:fall_one_cm":209,"minecraft:fly_one_cm":48912}},"DataVersion":2586}