{"stats":{"minecraft:mined":{"minecraft:spruce_planks":7,"minecraft:cobblestone_stairs":3,"minecraft:obsidian":16,"minecraft:granite":7,"minecraft:grass_block":296,"minecraft:composter":2,"minecraft:hopper":5,"decocraft:decobench":1,"minecraft:iron_ore":149,"minecraft:anvil":1,"minecraft:enchanting_table":2,"minecraft:oak_stairs":1,"minecraft:spruce_slab":1,"minecraft:torch":5,"minecraft:blast_furnace":5,"minecraft:chest":1,"minecraft:glass":2,"minecraft:cobblestone":73,"minecraft:grindstone":1,"minecraft:sugar_cane":87,"minecraft:wall_torch":8,"minecraft:wheat":165,"minecraft:stripped_oak_wood":1,"minecraft:grass":108,"minecraft:oak_log":68,"minecraft:sand":30,"minecraft:dirt":119,"minecraft:oak_leaves":11,"minecraft:diamond_ore":10,"gravestone:gravestone":5,"minecraft:lever":1,"minecraft:spruce_leaves":42,"minecraft:hay_block":15,"minecraft:redstone_ore":22,"minecraft:oak_trapdoor":2,"minecraft:furnace":6,"minecraft:carrots":12,"minecraft:andesite":3,"minecraft:bookshelf":12,"minecraft:potatoes":7,"decocraft:stop_sign":7,"minecraft:stone":1129,"minecraft:oak_slab":2,"minecraft:crafting_table":6,"minecraft:lectern":1,"minecraft:tall_grass":16,"minecraft:lapis_ore":8,"minecraft:diorite":122,"minecraft:spruce_stairs":3,"minecraft:spruce_log":193,"minecraft:birch_leaves":1,"minecraft:yellow_bed":6,"minecraft:coal_ore":59,"minecraft:oak_button":1,"minecraft:stone_bricks":9,"minecraft:gold_ore":28},"minecraft:crafted":{"minecraft:oak_planks":184,"minecraft:cobblestone_slab":24,"minecraft:oak_sign":3,"minecraft:cooked_chicken":3,"minecraft:stone":58,"minecraft:cobblestone_stairs":4,"minecraft:lever":1,"securitycraft:keypad_item":4,"minecraft:bookshelf":4,"minecraft:heavy_weighted_pressure_plate":4,"securitycraft:laser_block":1,"minecraft:hopper":4,"minecraft:glass":28,"minecraft:iron_boots":1,"minecraft:chest":12,"minecraft:oak_button":1,"minecraft:stone_bricks":180,"minecraft:oak_fence":6,"minecraft:diamond_axe":1,"minecraft:crafting_table":3,"minecraft:spruce_planks":392,"securitycraft:reinforced_stone_button":29,"minecraft:iron_helmet":1,"minecraft:iron_chestplate":1,"minecraft:book":1,"minecraft:paper":6,"minecraft:diamond_pickaxe":1,"camera:camera":1,"minecraft:stick":32,"minecraft:leather_chestplate":3,"minecraft:iron_ingot":97,"minecraft:iron_pickaxe":1,"minecraft:stone_sword":1,"minecraft:gold_ingot":28,"minecraft:shears":1,"securitycraft:universal_block_reinforcer_lvl1":1,"securitycraft:alarm":1,"minecraft:leather_leggings":3,"minecraft:leather_boots":3,"minecraft:stone_button":9,"minecraft:furnace":10,"minecraft:bone_meal":9,"minecraft:glass_pane":16,"decocraft:decobench":1,"minecraft:spruce_stairs":52,"minecraft:iron_axe":1,"securitycraft:universal_block_remover":1,"minecraft:spruce_slab":72,"minecraft:stone_pickaxe":1,"minecraft:redstone_block":1,"minecraft:wheat":120,"minecraft:enchanting_table":1,"minecraft:iron_sword":1,"minecraft:leather_helmet":3,"minecraft:bucket":1,"minecraft:stone_axe":1,"minecraft:bread":45,"minecraft:air":0,"minecraft:iron_shovel":2,"minecraft:note_block":1,"minecraft:torch":12},"minecraft:picked_up":{"minecraft:wooden_axe":4,"minecraft:wheat":99,"minecraft:anvil":1,"minecraft:oak_stairs":1,"camera:camera":1,"minecraft:string":4,"minecraft:oak_sign":1,"minecraft:bucket":7,"minecraft:spruce_planks":7,"minecraft:red_dye":1,"minecraft:furnace":6,"minecraft:stick":52,"minecraft:composter":12,"minecraft:torch":98,"minecraft:spruce_stairs":3,"minecraft:porkchop":9,"minecraft:diorite":138,"minecraft:stone_sword":7,"minecraft:rotten_flesh":86,"minecraft:blue_dye":1,"minecraft:obsidian":18,"minecraft:cobblestone":921,"minecraft:enchanting_table":2,"minecraft:leather_chestplate":3,"minecraft:feather":30,"minecraft:cooked_beef":3,"minecraft:andesite":2,"minecraft:potato":47,"securitycraft:reinforced_obsidian":1,"securitycraft:reinforced_ladder":1,"minecraft:dirt":1132,"minecraft:lapis_lazuli":318,"minecraft:leather_boots":3,"securitycraft:reinforced_stone_button":8,"minecraft:glass":65,"minecraft:bone":3,"minecraft:bow":4,"minecraft:wheat_seeds":476,"minecraft:grindstone":1,"camera:image":32,"minecraft:oak_planks":54,"minecraft:sand":30,"minecraft:grass_block":1,"securitycraft:reinforced_stone":29,"minecraft:iron_hoe":1,"minecraft:diamond":10,"minecraft:lever":1,"minecraft:granite":7,"minecraft:bread":210,"minecraft:oak_sapling":28,"minecraft:bee_nest":1,"minecraft:crafting_table":6,"minecraft:chicken":9,"gravestone:obituary":23,"securitycraft:reinforced_bookshelf":15,"minecraft:iron_axe":1,"camera:image_frame":17,"minecraft:iron_shovel":5,"minecraft:glass_pane":35,"minecraft:beef":34,"minecraft:spruce_slab":2,"minecraft:lectern":5,"minecraft:sugar_cane":169,"minecraft:chest":1,"minecraft:egg":20,"minecraft:stone":206,"minecraft:carrot":64,"minecraft:redstone":284,"decocraft:stop_sign":7,"securitycraft:alarm":2,"minecraft:arrow":23,"minecraft:hay_block":15,"minecraft:gold_ingot":112,"securitycraft:keypad_door_item":2,"minecraft:purple_dye":1,"minecraft:leather":21,"minecraft:oak_log":82,"securitycraft:keypad_chest":7,"minecraft:yellow_bed":6,"minecraft:gunpowder":1,"minecraft:cobblestone_stairs":15,"securitycraft:reinforced_glass":7,"minecraft:paper":2,"decocraft:decobench":1,"minecraft:apple":2,"minecraft:stone_bricks":9,"minecraft:iron_ingot":207,"minecraft:stone_pickaxe":4,"minecraft:iron_ore":148,"minecraft:stripped_oak_wood":1,"minecraft:iron_sword":3,"minecraft:book":36,"minecraft:oak_slab":2,"minecraft:spruce_sapling":25,"minecraft:blast_furnace":5,"minecraft:spruce_log":193,"minecraft:gold_ore":28,"minecraft:leather_helmet":3,"securitycraft:reinforced_grass_block":8,"minecraft:stone_axe":3,"minecraft:oak_button":6,"minecraft:coal":298,"minecraft:hopper":5},"minecraft:killed_by":{"minecraft:creeper":2,"minecraft:zombie":3,"minecraft:skeleton":2},"minecraft:broken":{"minecraft:wooden_shovel":1,"securitycraft:universal_block_reinforcer_lvl1":1,"minecraft:iron_pickaxe":1},"minecraft:dropped":{"minecraft:iron_sword":3,"minecraft:lapis_lazuli":53,"minecraft:leather":2,"gravestone:obituary":19,"minecraft:wooden_sword":1,"minecraft:sand":1,"minecraft:sugar_cane":6,"minecraft:obsidian":2,"minecraft:rotten_flesh":9,"minecraft:gunpowder":1,"minecraft:beef":3,"minecraft:iron_ingot":53,"minecraft:bread":42,"minecraft:wheat_seeds":1,"minecraft:feather":5,"minecraft:cobblestone":3,"minecraft:granite":1,"minecraft:purple_dye":1,"minecraft:stick":10,"minecraft:blue_dye":1,"minecraft:torch":2,"minecraft:iron_axe":1,"minecraft:red_dye":1,"minecraft:iron_shovel":1,"minecraft:string":1,"minecraft:bucket":2,"minecraft:stone_sword":5,"minecraft:composter":2,"minecraft:chicken":1,"minecraft:oak_button":5,"minecraft:oak_sapling":1,"minecraft:spruce_log":6,"minecraft:stone_pickaxe":1,"minecraft:wooden_pickaxe":1},"minecraft:used":{"decocraft:closet_7_black":1,"minecraft:iron_shovel":407,"decocraft:stop_sign":167,"minecraft:spruce_slab":73,"minecraft:dispenser":3,"minecraft:ladder":60,"minecraft:oak_sign":4,"minecraft:chest":17,"minecraft:stone":59,"minecraft:iron_sword":173,"minecraft:zombie_spawn_egg":8,"decocraft:nail_makeup":1,"securitycraft:keypad_item":3,"decocraft:restaurant_table_1_red":10,"minecraft:obsidian":10,"minecraft:glass":17,"minecraft:lava_bucket":3,"decocraft:book_stack_3":5,"decocraft:notebook_purple":2,"decocraft:piano_bench_white":4,"minecraft:grass_block":399,"decocraft:mexico":16,"minecraft:stone_bricks":167,"decocraft:gym_bench":1,"carryon:tile_item":4,"minecraft:hay_block":31,"minecraft:furnace":16,"securitycraft:laser_block":1,"securitycraft:alarm":3,"decocraft:chair_borje_lw_gray":2,"minecraft:diorite":14,"minecraft:cow_spawn_egg":60,"securitycraft:door_indestructible_iron_item":2,"decocraft:piano_bench_black":1,"minecraft:stone_pickaxe":77,"minecraft:ender_pearl":5,"minecraft:wooden_pickaxe":28,"minecraft:diamond_axe":299,"minecraft:sugar_cane":46,"decocraft:easel":2,"minecraft:sand":1,"decocraft:dollhouse":1,"minecraft:blast_furnace":7,"securitycraft:universal_block_remover":80,"securitycraft:reinforced_ladder":38,"minecraft:black_bed":7,"waystones:waystone":2,"minecraft:lever":4,"securitycraft:reinforced_grass_block":73,"decocraft:jack_in_the_box":1,"minecraft:bread":3,"minecraft:stone_button":10,"decocraft:barrel":1,"decocraft:calendar":1,"minecraft:grindstone":2,"minecraft:stripped_oak_wood":54,"minecraft:andesite":12,"decocraft:safe":1,"minecraft:bone_meal":222,"minecraft:experience_bottle":216,"minecraft:oak_fence":6,"minecraft:oak_trapdoor":6,"camera:image_frame":43,"minecraft:netherite_sword":20,"minecraft:enchanting_table":4,"minecraft:stone_sword":30,"securitycraft:keypad_chest":7,"minecraft:redstone":1,"minecraft:spruce_planks":261,"securitycraft:scanner_trapdoor":1,"securitycraft:keypad_door_item":6,"minecraft:wooden_shovel":63,"minecraft:cooked_chicken":3,"securitycraft:track_mine":4,"securitycraft:reinforced_bookshelf":15,"minecraft:torch":111,"securitycraft:reinforced_obsidian":1,"decocraft:tire_swing":2,"minecraft:dirt":243,"minecraft:anvil":2,"minecraft:hopper":12,"minecraft:spruce_stairs":55,"securitycraft:reinforced_stone":45,"decocraft:bucket_water":2,"decocraft:easel_canvas":2,"securitycraft:reinforced_dirt":61,"minecraft:iron_hoe":80,"minecraft:wooden_axe":18,"minecraft:bookshelf":19,"minecraft:iron_axe":104,"minecraft:oak_stairs":1,"decocraft:closet_7_oak":1,"decocraft:closet_2_oak":1,"minecraft:minecart":4,"decocraft:crayon_box":1,"minecraft:cooked_beef":25,"minecraft:observer":2,"decocraft:wooden_table_1_blw":1,"minecraft:wheat_seeds":214,"minecraft:water_bucket":17,"decocraft:treadmill":5,"minecraft:iron_ore":1,"minecraft:cobblestone_stairs":21,"decocraft:chair_ingolf_blw":3,"decocraft:tire_fence_yellow":1,"minecraft:cobblestone_slab":45,"securitycraft:scanner_door_item":3,"securitycraft:keypad":2,"decocraft:decobench":1,"decocraft:restaurant_table_2_red":9,"minecraft:oak_slab":82,"minecraft:crafting_table":10,"decocraft:desk_easel_painted":2,"minecraft:campfire":25,"minecraft:spruce_log":22,"minecraft:oak_log":14,"minecraft:diamond_pickaxe":1316,"minecraft:oak_button":1,"minecraft:iron_pickaxe":290,"decocraft:closet_5_black":1,"minecraft:spruce_sapling":21,"minecraft:stone_axe":1,"minecraft:cobblestone":215,"minecraft:porkchop":1,"minecraft:bucket":9,"minecraft:yellow_bed":7,"minecraft:stripped_oak_log":76},"minecraft:killed":{"minecraft:spider":3,"minecraft:skeleton":9,"minecraft:chicken":5,"minecraft:pig":3,"minecraft:zombie_villager":1,"minecraft:creeper":4,"minecraft:pillager":3,"minecraft:zombie":36,"minecraft:cow":3,"minecraft:endermite":1,"minecraft:enderman":2},"minecraft:custom":{"minecraft:animals_bred":23,"minecraft:interact_with_crafting_table":67,"minecraft:leave_game":11,"minecraft:time_since_death":170639,"minecraft:sprint_one_cm":561476,"minecraft:drop":70,"minecraft:talked_to_villager":3,"minecraft:deaths":8,"minecraft:jump":3659,"minecraft:walk_on_water_one_cm":31802,"minecraft:enchant_item":4,"minecraft:interact_with_furnace":28,"minecraft:play_one_minute":435195,"minecraft:sleep_in_bed":22,"minecraft:waystone_activated":2,"minecraft:damage_dealt":12613,"minecraft:crouch_one_cm":48331,"minecraft:inspect_dispenser":4,"minecraft:interact_with_anvil":1,"minecraft:mob_kills":72,"minecraft:inspect_hopper":2,"minecraft:damage_dealt_resisted":61,"minecraft:climb_one_cm":56717,"minecraft:walk_one_cm":926010,"minecraft:damage_dealt_absorbed":80,"minecraft:sneak_time":15533,"minecraft:walk_under_water_one_cm":1360,"minecraft:interact_with_blast_furnace":14,"minecraft:interact_with_grindstone":3,"minecraft:time_since_rest":11636,"minecraft:damage_taken":4236,"minecraft:swim_one_cm":2664,"minecraft:fly_one_cm":989744,"minecraft:open_chest":100,"minecraft:fall_one_cm":88939}},"DataVersion":2586}